{
  "description": "This is a system generated manifest of files expected to be present in this zip. It can be safely deleted.",
  "metadata": {
    "generated_at": "2024-10-03T14:29:15+00:00",
    "trigger": {
      "file_hashid": "unknown",
      "action": "unknown"
    }
  },
  "manifest": [
    {
      "filename": "Test.csv",
      "filesize": 42066,
      "description": null,
      "created_at": "2024-10-03 14:28:28 UTC",
      "updated_at": "2024-10-03 14:28:28 UTC"
    },
    {
      "filename": "Train.csv",
      "filesize": 4416736,
      "description": null,
      "created_at": "2024-10-03 14:28:28 UTC",
      "updated_at": "2024-10-03 14:28:28 UTC"
    },
    {
      "filename": "Rail_Challenge_Starter.ipynb",
      "filesize": 6092066,
      "description": null,
      "created_at": "2024-10-03 14:28:47 UTC",
      "updated_at": "2024-10-03 14:28:47 UTC"
    },
    {
      "filename": "SampleSubmission.csv",
      "filesize": 2512842,
      "description": null,
      "created_at": "2024-10-03 14:28:40 UTC",
      "updated_at": "2024-10-03 14:28:40 UTC"
    }
  ]
}